,p_mw,q_mvar
0,0.10726539055005244,0.05267519521321317
